<?xml version="1.0" encoding="UTF-8"?>
<project-private xmlns="http://www.netbeans.org/ns/project-private/1">
    <editor-bookmarks xmlns="http://www.netbeans.org/ns/editor-bookmarks/2" lastBookmarkId="0"/>
    <open-files xmlns="http://www.netbeans.org/ns/projectui-open-files/2">
        <group>
            <file>file:/D:/Iñaki/Universidad/3ºCurso/Gestion_Sist_Informacion/GSIGR03/GSIGR03/src/GSILabs/BModel/Local.java</file>
            <file>file:/D:/Iñaki/Universidad/3ºCurso/Gestion_Sist_Informacion/GSIGR03/GSIGR03/src/GSILabs/BModel/Propietario.java</file>
            <file>file:/D:/Iñaki/Universidad/3ºCurso/Gestion_Sist_Informacion/GSIGR03/GSIGR03/src/GSILabs/BModel/Contestacion.java</file>
            <file>file:/D:/Iñaki/Universidad/3ºCurso/Gestion_Sist_Informacion/GSIGR03/GSIGR03/src/GSILabs/BSystem/BusinessSystem.java</file>
            <file>file:/D:/Iñaki/Universidad/3ºCurso/Gestion_Sist_Informacion/GSIGR03/GSIGR03/src/GSILabs/BModel/Review.java</file>
            <file>file:/D:/Iñaki/Universidad/3ºCurso/Gestion_Sist_Informacion/GSIGR03/GSIGR03/src/GSILabs/BSystem/LeisureOffice.java</file>
        </group>
    </open-files>
</project-private>
