<?xml version="1.0" encoding="UTF-8"?>
<project-private xmlns="http://www.netbeans.org/ns/project-private/1">
    <editor-bookmarks xmlns="http://www.netbeans.org/ns/editor-bookmarks/2" lastBookmarkId="0"/>
    <open-files xmlns="http://www.netbeans.org/ns/projectui-open-files/2">
        <group>
            <file>file:/home/mralmond/Desktop/Ingenieria/Gestion/GSIGR03-main/GSIGR03/src/GSILabs/BModel/Review.java</file>
            <file>file:/home/mralmond/Desktop/Ingenieria/Gestion/GSIGR03-main/GSIGR03/src/GSILabs/GUI/GUICliente.java</file>
            <file>file:/home/mralmond/Desktop/Ingenieria/Gestion/GSIGR03-main/GSIGR03/src/GSILabs/GUI/GUIReviews.java</file>
            <file>file:/home/mralmond/Desktop/Ingenieria/Gestion/GSIGR03-main/GSIGR03/src/GSILabs/BModel/Contestacion.java</file>
            <file>file:/home/mralmond/Desktop/Ingenieria/Gestion/GSIGR03-main/GSIGR03/src/GSILabs/GUI/Login.java</file>
        </group>
    </open-files>
</project-private>
