<?xml version="1.0" encoding="UTF-8" standalone="yes"?>
<businessSystem>
    <almacenamiento>
        <usuarios xmlns:xsi="http://www.w3.org/2001/XMLSchema-instance" xsi:type="propietario">
            <nick>Daniel</nick>
            <password>1234</password>
            <fechaNacimiento>24/05/1980</fechaNacimiento>
        </usuarios>
        <usuarios xmlns:xsi="http://www.w3.org/2001/XMLSchema-instance" xsi:type="propietario">
            <nick>ivan</nick>
            <password>Almendras123</password>
            <fechaNacimiento>21/07/1999</fechaNacimiento>
        </usuarios>
        <usuarios xmlns:xsi="http://www.w3.org/2001/XMLSchema-instance" xsi:type="propietario">
            <nick>Alex</nick>
            <password>extintor</password>
            <fechaNacimiento>20/01/2003</fechaNacimiento>
        </usuarios>
        <usuarios xmlns:xsi="http://www.w3.org/2001/XMLSchema-instance" xsi:type="propietario">
            <nick>Oscar</nick>
            <password>si</password>
            <fechaNacimiento>08/2/1991</fechaNacimiento>
        </usuarios>
        <usuarios xmlns:xsi="http://www.w3.org/2001/XMLSchema-instance" xsi:type="propietario">
            <nick>Luis</nick>
            <password>no</password>
            <fechaNacimiento>01/01/1988</fechaNacimiento>
        </usuarios>
        <usuarios xmlns:xsi="http://www.w3.org/2001/XMLSchema-instance" xsi:type="propietario">
            <nick>Miguel</nick>
            <password>contraseña</password>
            <fechaNacimiento>12/12/2000</fechaNacimiento>
        </usuarios>
        <usuarios>
            <nick>IbanRuizDeGalarreta</nick>
            <password>1234</password>
            <fechaNacimiento>27/07/1928</fechaNacimiento>
        </usuarios>
        <usuarios>
            <nick>anfetik</nick>
            <password>1234</password>
            <fechaNacimiento>27/07/1950</fechaNacimiento>
        </usuarios>
        <usuarios>
            <nick>luis</nick>
            <password>12345</password>
            <fechaNacimiento>27/08/1928</fechaNacimiento>
        </usuarios>
        <usuarios>
            <nick>pedro</nick>
            <password>12347</password>
            <fechaNacimiento>02/07/1928</fechaNacimiento>
        </usuarios>
        <locales>
            <nombre>Goñi</nombre>
            <direccion>
                <localidad>Comunidad Foral de Navarra</localidad>
                <provincia>Navarra</provincia>
                <calle>Beriain</calle>
                <numero>32</numero>
            </direccion>
            <propietarios>
                <nick>Miguel</nick>
                <password>contraseña</password>
                <fechaNacimiento>12/12/2000</fechaNacimiento>
            </propietarios>
        </locales>
        <locales>
            <nombre>Cañas</nombre>
            <direccion>
                <localidad>Comunidad Foral de Navarra</localidad>
                <provincia>Navarra</provincia>
                <calle>Calle Perez Goyena</calle>
                <numero>16</numero>
            </direccion>
            <propietarios>
                <nick>Daniel</nick>
                <password>1234</password>
                <fechaNacimiento>24/05/1980</fechaNacimiento>
            </propietarios>
            <propietarios>
                <nick>Miguel</nick>
                <password>contraseña</password>
                <fechaNacimiento>12/12/2000</fechaNacimiento>
            </propietarios>
        </locales>
        <locales>
            <nombre>Erreleku</nombre>
            <direccion>
                <localidad>Comunidad Foral de Navarra</localidad>
                <provincia>Navarra</provincia>
                <calle>Cordovilla</calle>
                <numero>45</numero>
            </direccion>
            <propietarios>
                <nick>ivan</nick>
                <password>Almendras123</password>
                <fechaNacimiento>21/07/1999</fechaNacimiento>
            </propietarios>
        </locales>
        <locales>
            <nombre>Aintzane</nombre>
            <direccion>
                <localidad>Comunidad Foral de Navarra</localidad>
                <provincia>Navarra</provincia>
                <calle>Barañain</calle>
                <numero>2</numero>
            </direccion>
            <propietarios>
                <nick>Luis</nick>
                <password>no</password>
                <fechaNacimiento>01/01/1988</fechaNacimiento>
            </propietarios>
        </locales>
        <locales>
            <nombre>Goiko</nombre>
            <direccion>
                <localidad>Comunidad Foral de Navarra</localidad>
                <provincia>Navarra</provincia>
                <calle>Paseo Sarasate</calle>
                <numero>1</numero>
            </direccion>
            <propietarios>
                <nick>ivan</nick>
                <password>Almendras123</password>
                <fechaNacimiento>21/07/1999</fechaNacimiento>
            </propietarios>
        </locales>
        <locales>
            <nombre>Bodeguita</nombre>
            <direccion>
                <localidad>Comunidad Foral de Navarra</localidad>
                <provincia>Navarra</provincia>
                <calle>Calle mayor</calle>
                <numero>89</numero>
            </direccion>
            <propietarios>
                <nick>Alex</nick>
                <password>extintor</password>
                <fechaNacimiento>20/01/2003</fechaNacimiento>
            </propietarios>
        </locales>
        <locales>
            <nombre>Asador mutiloa</nombre>
            <direccion>
                <localidad>Comunidad Foral de Navarra</localidad>
                <provincia>Navarra</provincia>
                <calle>Zizur</calle>
                <numero>26</numero>
            </direccion>
            <propietarios>
                <nick>Alex</nick>
                <password>extintor</password>
                <fechaNacimiento>20/01/2003</fechaNacimiento>
            </propietarios>
            <propietarios>
                <nick>Miguel</nick>
                <password>contraseña</password>
                <fechaNacimiento>12/12/2000</fechaNacimiento>
            </propietarios>
        </locales>
        <locales>
            <nombre>Kaixo</nombre>
            <direccion>
                <localidad>Comunidad Foral de Navarra</localidad>
                <provincia>Navarra</provincia>
                <calle>Calle almendra</calle>
                <numero>3</numero>
            </direccion>
            <propietarios>
                <nick>ivan</nick>
                <password>Almendras123</password>
                <fechaNacimiento>21/07/1999</fechaNacimiento>
            </propietarios>
        </locales>
        <locales>
            <nombre>Irish</nombre>
            <direccion>
                <localidad>Comunidad Foral de Navarra</localidad>
                <provincia>Navarra</provincia>
                <calle>Esquiroz</calle>
                <numero>54</numero>
            </direccion>
            <propietarios>
                <nick>Oscar</nick>
                <password>si</password>
                <fechaNacimiento>08/2/1991</fechaNacimiento>
            </propietarios>
            <propietarios>
                <nick>Miguel</nick>
                <password>contraseña</password>
                <fechaNacimiento>12/12/2000</fechaNacimiento>
            </propietarios>
        </locales>
        <locales>
            <nombre>Canalla</nombre>
            <direccion>
                <localidad>Comunidad Foral de Navarra</localidad>
                <provincia>Navarra</provincia>
                <calle>Calle extintor</calle>
                <numero>45</numero>
            </direccion>
            <propietarios>
                <nick>Oscar</nick>
                <password>si</password>
                <fechaNacimiento>08/2/1991</fechaNacimiento>
            </propietarios>
        </locales>
        <locales>
            <nombre>La Esquina</nombre>
            <direccion>
                <localidad>Comunidad Foral de Navarra</localidad>
                <provincia>Navarra</provincia>
                <calle>PLaza del castillo</calle>
                <numero>69</numero>
            </direccion>
            <propietarios>
                <nick>Oscar</nick>
                <password>si</password>
                <fechaNacimiento>08/2/1991</fechaNacimiento>
            </propietarios>
            <propietarios>
                <nick>Miguel</nick>
                <password>contraseña</password>
                <fechaNacimiento>12/12/2000</fechaNacimiento>
            </propietarios>
        </locales>
        <reviews>
            <tipoValoracion>0</tipoValoracion>
            <tipoValoracion>1</tipoValoracion>
            <tipoValoracion>2</tipoValoracion>
            <tipoValoracion>3</tipoValoracion>
            <tipoValoracion>4</tipoValoracion>
            <tipoValoracion>5</tipoValoracion>
            <nickUsuario>luis</nickUsuario>
            <comentario>comida muy rica</comentario>
            <respuesta>
                <p>
                    <nick>ivan</nick>
                    <password>Almendras123</password>
                    <fechaNacimiento>21/07/1999</fechaNacimiento>
                </p>
                <respuesta>gracias</respuesta>
            </respuesta>
            <fecha>2021-11-04</fecha>
        </reviews>
        <reviews>
            <tipoValoracion>0</tipoValoracion>
            <tipoValoracion>1</tipoValoracion>
            <tipoValoracion>2</tipoValoracion>
            <tipoValoracion>3</tipoValoracion>
            <tipoValoracion>4</tipoValoracion>
            <tipoValoracion>5</tipoValoracion>
            <nickUsuario>pedro</nickUsuario>
            <comentario>comida muy rica3</comentario>
            <respuesta>
                <p>
                    <nick>Alex</nick>
                    <password>extintor</password>
                    <fechaNacimiento>20/01/2003</fechaNacimiento>
                </p>
                <respuesta>gracias3</respuesta>
            </respuesta>
            <fecha>2021-11-04</fecha>
        </reviews>
        <reviews>
            <tipoValoracion>0</tipoValoracion>
            <tipoValoracion>1</tipoValoracion>
            <tipoValoracion>2</tipoValoracion>
            <tipoValoracion>3</tipoValoracion>
            <tipoValoracion>4</tipoValoracion>
            <tipoValoracion>5</tipoValoracion>
            <nickUsuario>anfetik</nickUsuario>
            <comentario>comida muy rica2</comentario>
            <respuesta>
                <p>
                    <nick>Alex</nick>
                    <password>extintor</password>
                    <fechaNacimiento>20/01/2003</fechaNacimiento>
                </p>
                <respuesta>gracias2</respuesta>
            </respuesta>
            <fecha>2021-11-04</fecha>
        </reviews>
        <reservas>
            <usuario>
                <nick>anfetik</nick>
                <password>1234</password>
                <fechaNacimiento>27/07/1950</fechaNacimiento>
            </usuario>
            <fecha>2021-11-04</fecha>
            <hora>12:00</hora>
            <descuento>0.0</descuento>
            <local>
                <nombre>Cañas</nombre>
                <direccion>
                    <localidad>Comunidad Foral de Navarra</localidad>
                    <provincia>Navarra</provincia>
                    <calle>Calle Perez Goyena</calle>
                    <numero>16</numero>
                </direccion>
                <propietarios>
                    <nick>Daniel</nick>
                    <password>1234</password>
                    <fechaNacimiento>24/05/1980</fechaNacimiento>
                </propietarios>
                <propietarios>
                    <nick>Miguel</nick>
                    <password>contraseña</password>
                    <fechaNacimiento>12/12/2000</fechaNacimiento>
                </propietarios>
            </local>
        </reservas>
        <reservas>
            <usuario>
                <nick>luis</nick>
                <password>12345</password>
                <fechaNacimiento>27/08/1928</fechaNacimiento>
            </usuario>
            <fecha>2021-11-04</fecha>
            <hora>12:00</hora>
            <descuento>0.0</descuento>
            <local>
                <nombre>Bodeguita</nombre>
                <direccion>
                    <localidad>Comunidad Foral de Navarra</localidad>
                    <provincia>Navarra</provincia>
                    <calle>Calle mayor</calle>
                    <numero>89</numero>
                </direccion>
                <propietarios>
                    <nick>Alex</nick>
                    <password>extintor</password>
                    <fechaNacimiento>20/01/2003</fechaNacimiento>
                </propietarios>
            </local>
        </reservas>
        <reservas>
            <usuario>
                <nick>IbanRuizDeGalarreta</nick>
                <password>1234</password>
                <fechaNacimiento>27/07/1928</fechaNacimiento>
            </usuario>
            <fecha>2021-11-04</fecha>
            <hora>12:00</hora>
            <descuento>0.0</descuento>
            <local>
                <nombre>Goiko</nombre>
                <direccion>
                    <localidad>Comunidad Foral de Navarra</localidad>
                    <provincia>Navarra</provincia>
                    <calle>Paseo Sarasate</calle>
                    <numero>1</numero>
                </direccion>
                <propietarios>
                    <nick>ivan</nick>
                    <password>Almendras123</password>
                    <fechaNacimiento>21/07/1999</fechaNacimiento>
                </propietarios>
            </local>
        </reservas>
        <reservas>
            <usuario>
                <nick>pedro</nick>
                <password>12347</password>
                <fechaNacimiento>02/07/1928</fechaNacimiento>
            </usuario>
            <fecha>2021-11-04</fecha>
            <hora>12:00</hora>
            <descuento>0.0</descuento>
            <local>
                <nombre>Aintzane</nombre>
                <direccion>
                    <localidad>Comunidad Foral de Navarra</localidad>
                    <provincia>Navarra</provincia>
                    <calle>Barañain</calle>
                    <numero>2</numero>
                </direccion>
                <propietarios>
                    <nick>Luis</nick>
                    <password>no</password>
                    <fechaNacimiento>01/01/1988</fechaNacimiento>
                </propietarios>
            </local>
        </reservas>
    </almacenamiento>
</businessSystem>
