<?xml version="1.0" encoding="UTF-8"?>
<project-private xmlns="http://www.netbeans.org/ns/project-private/1">
    <editor-bookmarks xmlns="http://www.netbeans.org/ns/editor-bookmarks/2" lastBookmarkId="0"/>
    <open-files xmlns="http://www.netbeans.org/ns/projectui-open-files/2">
        <group>
            <file>file:/C:/Users/Usuario/Desktop/GSIGR03-main/GSIGR03/src/GSILabs/Misc/SSTest03.java</file>
            <file>file:/C:/Users/Usuario/Desktop/GSIGR03-main/GSIGR03/src/GSILabs/Misc/SSTest02.java</file>
            <file>file:/C:/Users/Usuario/Desktop/GSIGR03-main/GSIGR03/src/GSILabs/Misc/SSTest01.java</file>
            <file>file:/C:/Users/Usuario/Desktop/GSIGR03-main/GSIGR03/src/GSILabs/Misc/SSTest05.java</file>
            <file>file:/C:/Users/Usuario/Desktop/GSIGR03-main/GSIGR03/src/GSILabs/Misc/SSTest04.java</file>
        </group>
    </open-files>
</project-private>
