<?xml version="1.0" encoding="UTF-8"?>
<project-private xmlns="http://www.netbeans.org/ns/project-private/1">
    <editor-bookmarks xmlns="http://www.netbeans.org/ns/editor-bookmarks/2" lastBookmarkId="0"/>
    <open-files xmlns="http://www.netbeans.org/ns/projectui-open-files/2">
        <group>
            <file>file:/C:/Users/fiall/Desktop/GSIGR03-main/GSIGR03/src/GSILabs/connect/BusinessServer.java</file>
            <file>file:/C:/Users/fiall/Desktop/GSIGR03-main/GSIGR03/src/GSILabs/BTesting/P01Tester.java</file>
            <file>file:/C:/Users/fiall/Desktop/GSIGR03-main/GSIGR03/src/GSILabs/BSystem/PublicBusinessSystem.java</file>
            <file>file:/C:/Users/fiall/Desktop/GSIGR03-main/GSIGR03/src/GSILabs/connect/ClientGateway.java</file>
            <file>file:/C:/Users/fiall/Desktop/GSIGR03-main/GSIGR03/src/GSILabs/connect/AdminHub.java</file>
            <file>file:/C:/Users/fiall/Desktop/GSIGR03-main/GSIGR03/src/GSILabs/BModel/Direccion.java</file>
            <file>file:/C:/Users/fiall/Desktop/GSIGR03-main/GSIGR03/src/GSILabs/BSystem/BusinessSystem.java</file>
        </group>
    </open-files>
</project-private>
