<?xml version="1.0" encoding="UTF-8"?>
<project-private xmlns="http://www.netbeans.org/ns/project-private/1">
    <editor-bookmarks xmlns="http://www.netbeans.org/ns/editor-bookmarks/2" lastBookmarkId="0"/>
    <open-files xmlns="http://www.netbeans.org/ns/projectui-open-files/2">
        <group>
            <file>file:/C:/Users/fiall/Desktop/GSIGR03-main/GSIGR03/src/GSILabs/BTesting/P01Tester.java</file>
            <file>file:/C:/Users/fiall/Desktop/GSIGR03-main/GSIGR03/src/GSILabs/BModel/Reserva.java</file>
            <file>file:/C:/Users/fiall/Desktop/GSIGR03-main/GSIGR03/src/GSILabs/BModel/Usuario.java</file>
            <file>file:/C:/Users/fiall/Desktop/GSIGR03-main/GSIGR03/src/GSILabs/BModel/Review.java</file>
            <file>file:/C:/Users/fiall/Desktop/GSIGR03-main/GSIGR03/src/GSILabs/BSystem/BusinessData.java</file>
            <file>file:/C:/Users/fiall/Desktop/GSIGR03-main/GSIGR03/src/GSILabs/BModel/Local.java</file>
            <file>file:/C:/Users/fiall/Desktop/GSIGR03-main/GSIGR03/src/GSILabs/BTesting/P03TesterParseXML.java</file>
            <file>file:/C:/Users/fiall/Desktop/GSIGR03-main/GSIGR03/src/GSILabs/BTesting/P03TesterCreateXML.java</file>
            <file>file:/C:/Users/fiall/Desktop/GSIGR03-main/GSIGR03/src/GSILabs/BSystem/BusinessSystem.java</file>
        </group>
    </open-files>
</project-private>
