<?xml version="1.0" encoding="UTF-8"?>
<project-private xmlns="http://www.netbeans.org/ns/project-private/1">
    <editor-bookmarks xmlns="http://www.netbeans.org/ns/editor-bookmarks/2" lastBookmarkId="0"/>
    <open-files xmlns="http://www.netbeans.org/ns/projectui-open-files/2">
        <group>
            <file>file:/C:/Users/fiall/Downloads/GSIGR03%20-%20parte%20de%20la%20GUI%20del%20cliente/GSIGR03-main/GSIGR03/src/GSILabs/BModel/Pub.java</file>
            <file>file:/C:/Users/fiall/Downloads/GSIGR03%20-%20parte%20de%20la%20GUI%20del%20cliente/GSIGR03-main/GSIGR03/src/GSILabs/GUI/GUIPanelPrincipal.java</file>
            <file>file:/C:/Users/fiall/Downloads/GSIGR03%20-%20parte%20de%20la%20GUI%20del%20cliente/GSIGR03-main/GSIGR03/src/GSILabs/GUI/GUIAdmin.java</file>
            <file>file:/C:/Users/fiall/Downloads/GSIGR03%20-%20parte%20de%20la%20GUI%20del%20cliente/GSIGR03-main/GSIGR03/src/GSILabs/GUI/GUIReviewsLocal.java</file>
            <file>file:/C:/Users/fiall/Downloads/GSIGR03%20-%20parte%20de%20la%20GUI%20del%20cliente/GSIGR03-main/GSIGR03/src/GSILabs/GUI/GUIPub.java</file>
            <file>file:/C:/Users/fiall/Downloads/GSIGR03%20-%20parte%20de%20la%20GUI%20del%20cliente/GSIGR03-main/GSIGR03/src/GSILabs/GUI/Login.java</file>
            <file>file:/C:/Users/fiall/Downloads/GSIGR03%20-%20parte%20de%20la%20GUI%20del%20cliente/GSIGR03-main/GSIGR03/src/GSILabs/GUI/GUICliente.java</file>
            <file>file:/C:/Users/fiall/Downloads/GSIGR03%20-%20parte%20de%20la%20GUI%20del%20cliente/GSIGR03-main/GSIGR03/src/GSILabs/GUI/GUIReviews.java</file>
            <file>file:/C:/Users/fiall/Downloads/GSIGR03%20-%20parte%20de%20la%20GUI%20del%20cliente/GSIGR03-main/GSIGR03/src/GSILabs/BModel/Local.java</file>
            <file>file:/C:/Users/fiall/Downloads/GSIGR03%20-%20parte%20de%20la%20GUI%20del%20cliente/GSIGR03-main/GSIGR03/src/GSILabs/GUI/GUIRestaurante.java</file>
        </group>
    </open-files>
</project-private>
